{
    "os": "Linux-4.15.0-112-generic-x86_64-with-glibc2.10",
    "python": "3.8.8",
    "heartbeatAt": "2021-09-05T05:50:29.983113",
    "startedAt": "2021-09-05T05:50:28.907534",
    "docker": null,
    "gpu": "GeForce RTX 2080 Ti",
    "gpu_count": 2,
    "cpu_count": 20,
    "cuda": null,
    "args": [
        "--loss",
        "Proxy_Anchor",
        "--model",
        "bn_inception",
        "--embedding-size",
        "512",
        "--batch-size",
        "90",
        "--lr",
        "6e-4",
        "--warm",
        "1",
        "--bn-freeze",
        "0",
        "--lr-decay-step",
        "20",
        "--lr-decay-gamma",
        "0.25",
        "--epochs",
        "60",
        "--gpu-id",
        "1",
        "--dataset",
        "SOP",
        "--delta",
        "0.05",
        "--lam",
        "1.0"
    ],
    "state": "running",
    "program": "train.py",
    "codePath": "train.py",
    "host": "ps",
    "username": "wyf",
    "executable": "/home/wyf/anaconda3/envs/proxyanchor/bin/python3"
}
