{
    "os": "Linux-4.15.0-112-generic-x86_64-with-glibc2.10",
    "python": "3.8.8",
    "heartbeatAt": "2021-09-04T09:24:49.978548",
    "startedAt": "2021-09-04T09:24:48.919256",
    "docker": null,
    "gpu": "GeForce RTX 2080 Ti",
    "gpu_count": 2,
    "cpu_count": 20,
    "cuda": null,
    "args": [
        "--loss",
        "Proxy_Anchor",
        "--model",
        "bn_inception",
        "--embedding-size",
        "512",
        "--batch-size",
        "90",
        "--lr",
        "1e-4",
        "--warm",
        "1",
        "--bn-freeze",
        "1",
        "--lr-decay-step",
        "10",
        "--gpu-id",
        "1",
        "--dataset",
        "cub",
        "--delta",
        "0.1",
        "--alphap",
        "48",
        "--alphan",
        "48",
        "--mrg_lr",
        "5e-4"
    ],
    "state": "running",
    "program": "train.py",
    "codePath": "train.py",
    "host": "ps",
    "username": "wyf",
    "executable": "/home/wyf/anaconda3/envs/proxyanchor/bin/python3"
}
